Date,Tilt (microradians)
2026-04-15 22:04:09.000000000,-3.5232048661070765
2026-04-15 22:17:34.326231691,-3.5232048661070765
2026-04-15 22:30:59.652463382,-3.5232048661070765
2026-04-15 22:44:24.978695073,-3.5232048661070765
2026-04-15 22:57:50.304926764,-3.482951039537027
2026-04-15 23:11:15.631158455,-3.482951039537027
2026-04-15 23:24:40.957390146,-3.462824126252001
2026-04-15 23:51:31.609853528,-3.422570299681952
2026-04-16 00:04:56.936085219,-3.402443386396926
2026-04-16 00:18:22.262316910,-3.422570299681952
2026-04-16 00:31:47.588548601,-3.422570299681952
2026-04-16 00:45:12.914780292,-3.382316473111902
2026-04-16 00:58:38.241011984,-3.382316473111902
2026-04-16 01:12:03.567243675,-3.281681906686777
2026-04-16 01:36:32.631158455,-3.3217456006274126
2026-04-16 01:52:19.545938748,-3.3018088199718028
2026-04-16 02:05:44.872170439,-3.3018088199718028
2026-04-16 02:19:10.198402130,-3.261554993401753
2026-04-16 02:32:35.524633821,-3.281681906686777
2026-04-16 02:46:00.850865512,-3.2414280801167275
2026-04-16 02:59:26.177097203,-3.2414280801167275
2026-04-16 03:12:51.503328894,-3.261554993401753
2026-04-16 03:37:20.567243675,-3.2009966571345885
2026-04-16 03:50:45.893475366,-3.1808718332191166
2026-04-16 04:06:32.808255659,-3.281681906686777
2026-04-16 04:19:58.134487350,-3.201174253546678
2026-04-16 04:33:23.460719041,-3.181047340261654
2026-04-16 04:46:48.786950732,-3.160920426976628
2026-04-16 05:00:14.113182423,-3.181047340261654
2026-04-16 05:13:39.439414114,-3.160920426976628
2026-04-16 05:27:04.765645805,-3.160920426976628
2026-04-16 05:51:33.829560585,-3.1204973614727045
2026-04-16 06:07:20.744340878,-3.1005396871215547
2026-04-16 06:20:46.070572569,-3.080412773836529
2026-04-16 06:34:11.396804260,-3.1005396871215547
2026-04-16 06:47:36.723035952,-3.080412773836529
2026-04-16 07:01:02.049267643,-3.1005396871215547
2026-04-16 07:14:27.375499334,-3.080412773836529
2026-04-16 07:27:52.701731025,-3.080412773836529
2026-04-16 07:52:21.765645805,-3.0601228897262924
2026-04-16 08:05:47.091877496,-3.0198732418953504
2026-04-16 08:21:34.006657789,-3.0200320339814537
2026-04-16 08:34:59.332889480,-3.0200320339814537
2026-04-16 08:48:24.659121171,-2.979778207411404
2026-04-16 09:01:49.985352862,-2.99990512069643
2026-04-16 09:15:15.311584553,-2.9395243808413545
2026-04-16 09:28:40.637816245,-2.95965129412638
2026-04-16 09:42:05.964047936,-2.95965129412638
2026-04-16 10:06:35.027962716,-2.9192491223179964
2026-04-16 10:22:21.942743009,-2.879143640986281
2026-04-16 10:35:47.268974700,-2.8590167277012557
2026-04-16 10:49:12.595206391,-2.8590167277012557
2026-04-16 11:02:37.921438082,-2.838889814416232
2026-04-16 11:16:03.247669773,-2.838889814416232
2026-04-16 11:29:28.573901464,-2.8187629011312056
2026-04-16 11:42:53.900133155,-2.8187629011312056
2026-04-16 12:07:22.964047936,-2.8387498266561124
2026-04-16 12:20:48.290279627,-2.7582505309942302
2026-04-16 12:36:35.205059920,-2.7382552479911064
2026-04-16 12:50:00.531291611,-2.698001421421057
2026-04-16 13:06:40.978695073,-2.698001421421056
2026-04-16 13:20:06.304926764,-2.677874508136032
2026-04-16 13:33:31.631158455,-2.6577475948510063
2026-04-16 13:46:56.957390146,-2.677874508136032
2026-04-16 14:00:22.283621837,-2.7382552479911055
2026-04-16 14:21:36.226364846,-2.617376763585934
2026-04-16 14:37:23.141145139,-2.597366854995932
2026-04-16 14:50:48.467376830,-2.637620681565981
2026-04-16 15:07:28.914780292,-2.5369861151408575
2026-04-16 15:20:54.241011984,-2.597366854995933
2026-04-16 15:34:19.567243675,-2.5369861151408575
2026-04-16 15:47:44.893475366,-2.557113028425883
2026-04-16 16:01:10.219707057,-2.557113028425883
2026-04-16 16:22:24.162450066,-2.51675264400858
2026-04-16 16:35:49.488681757,-2.51675264400858
2026-04-16 16:51:36.403462050,-2.5168592018558327
2026-04-16 17:05:01.729693741,-2.5369861151408584
2026-04-16 17:21:42.177097203,-2.5168592018558336
2026-04-16 17:35:07.503328894,-2.5168592018558336
2026-04-16 17:48:32.829560585,-2.5369861151408575
2026-04-16 18:01:58.155792276,-2.5369861151408575
2026-04-16 18:15:23.482023968,-2.5168592018558336
2026-04-16 18:36:37.424766977,-2.496627820093108
2026-04-16 18:52:24.339547270,-2.5369861151408584
2026-04-16 19:05:49.665778961,-2.436351548715733
2026-04-16 19:19:14.992010652,-2.476605375285783
2026-04-16 19:35:55.439414114,-2.5369861151408575
2026-04-16 19:49:20.765645805,-2.4564784620007583
2026-04-16 20:02:46.091877496,-2.4564784620007583
2026-04-16 20:16:11.418109187,-2.4564784620007583
2026-04-16 20:37:25.360852197,-2.436253348346696
2026-04-16 20:50:50.687083888,-2.4161285244312243
2026-04-16 21:06:37.601864181,-2.396097722145684
2026-04-16 21:20:02.928095872,-2.3155900690055846
2026-04-16 21:36:43.375499334,-2.3558438955756333
2026-04-16 21:50:08.701731025,-2.3357169822906094
2026-04-16 22:03:34.027962716,-2.3357169822906094
2026-04-16 22:16:59.354194407,-2.25520932915051
2026-04-16 22:30:24.680426098,-2.29546315572056
2026-04-16 22:51:38.623169107,-2.194755461361046
2026-04-16 23:07:25.537949400,-2.2149555025804606
2026-04-16 23:20:50.864181091,-2.2149555025804606
2026-04-16 23:34:16.190412782,-2.194828589295436
2026-04-16 23:50:56.637816245,-2.174701676010411
2026-04-17 00:04:21.964047936,-2.1344478494403614
2026-04-17 00:17:47.290279627,-2.1545747627253853
2026-04-17 00:31:12.616511318,-2.1143209361553357
2026-04-17 00:52:26.559254327,-2.114256165699162
2026-04-17 01:05:51.885486018,-2.074006517868221
2026-04-17 01:21:38.800266311,-2.0338132830152365
2026-04-17 01:35:04.126498002,-2.013686369730212
2026-04-17 01:51:44.573901464,-2.0136863697302108
2026-04-17 02:05:09.900133155,-2.0136863697302108
2026-04-17 02:18:35.226364846,-1.9734325431601611
2026-04-17 02:32:00.552596537,-1.9734325431601611
2026-04-17 02:45:25.878828229,-1.9533056298751372
2026-04-17 03:06:39.821571238,-1.953257574375396
2026-04-17 03:22:26.736351531,-1.9533056298751368
2026-04-17 03:35:52.062583222,-1.9533056298751368
2026-04-17 03:49:17.388814913,-1.9533056298751368
2026-04-17 04:05:57.836218375,-1.9331787165901115
2026-04-17 04:19:23.162450066,-1.9734325431601611
2026-04-17 04:32:48.488681757,-1.9130518033050876
2026-04-17 04:46:13.814913448,-1.9331787165901115
2026-04-17 05:07:27.757656458,-1.913007926544454
2026-04-17 05:20:53.083888149,-1.913007926544454
2026-04-17 05:36:39.998668442,-1.8929248900200628
2026-04-17 05:50:05.324900133,-1.8929248900200628
2026-04-17 06:06:45.772303595,-1.872797976735038
2026-04-17 06:20:11.098535286,-1.892924890020062
2026-04-17 06:33:36.424766977,-1.892924890020062
2026-04-17 06:47:01.750998668,-1.892924890020062
2026-04-17 07:00:27.077230359,-1.892924890020062
2026-04-17 07:21:41.019973368,-1.953257574375396
2026-04-17 07:37:27.934753661,-1.8526710634500128
2026-04-17 07:50:53.260985352,-1.8526710634500128
2026-04-17 08:04:18.587217043,-1.8325441501649884
2026-04-17 08:20:59.034620505,-1.8124172368799627
2026-04-17 08:34:24.360852197,-1.8325441501649884
2026-04-17 08:47:49.687083888,-1.8124172368799627
2026-04-17 09:01:15.013315579,-1.7922903235949388
2026-04-17 09:22:28.956058588,-1.792258983051629
2026-04-17 09:35:54.282290279,-1.792258983051629
2026-04-17 09:51:41.197070572,-1.812417236879964
2026-04-17 10:05:06.523302263,-1.7922903235949388
2026-04-17 10:21:46.970705725,-1.7922903235949388
2026-04-17 10:35:12.296937416,-1.772163410309913
2026-04-17 10:48:37.623169107,-1.772163410309913
2026-04-17 11:02:02.949400798,-1.772163410309913
2026-04-17 11:15:28.275632490,-1.7520364970248892
2026-04-17 11:36:42.218375499,-1.752009335220687
2026-04-17 11:52:29.133155792,-1.7319095837398637
2026-04-17 12:05:54.459387483,-1.7319095837398637
2026-04-17 12:19:19.785619174,-1.711782670454839
2026-04-17 12:36:00.233022636,-1.6916557571698139
2026-04-17 12:49:25.559254327,-1.6916557571698139
2026-04-17 13:02:50.885486018,-1.6916557571698139
2026-04-17 13:16:16.211717709,-1.67152884388479
2026-04-17 13:29:41.537949400,-1.6514019305997643
2026-04-17 13:50:55.480692410,-1.711759687389745
2026-04-17 14:06:42.395472703,-1.6312750173147397
2026-04-17 14:20:07.721704394,-1.6312750173147397
2026-04-17 14:36:48.169107856,-1.6514019305997643
2026-04-17 14:50:13.495339547,-1.6111481040297146
2026-04-17 15:03:38.821571238,-1.6111481040297146
2026-04-17 15:17:04.147802929,-1.591021190744689
2026-04-17 15:30:29.474034620,-1.591021190744689
2026-04-17 15:51:43.416777629,-1.59101074389692
2026-04-17 16:05:08.743009320,-1.5708859199814498
2026-04-17 16:20:55.657789613,-1.570894277459665
2026-04-17 16:34:20.984021304,-1.570894277459665
2026-04-17 16:51:01.431424766,-1.591021190744689
2026-04-17 17:04:26.757656458,-1.570894277459665
2026-04-17 17:17:52.083888149,-1.570894277459665
2026-04-17 17:31:17.410119840,-1.570894277459665
2026-04-17 17:44:42.736351531,-1.6514019305997643
2026-04-17 18:05:56.679094540,-1.5708859199814498
2026-04-17 18:21:43.593874833,-1.5910211907446898
2026-04-17 18:35:08.920106524,-1.5910211907446898
2026-04-17 18:51:49.367509986,-1.570894277459665
2026-04-17 19:05:14.693741677,-1.570894277459665
2026-04-17 19:18:40.019973368,-1.570894277459665
2026-04-17 19:32:05.346205059,-1.570894277459665
2026-04-17 19:45:30.672436751,-1.5507673641746402
2026-04-17 20:06:44.615179760,-1.5306362721505078
2026-04-17 20:20:09.941411451,-1.59101074389692
2026-04-17 20:35:56.856191744,-1.5105135376045906
2026-04-17 20:49:22.182423435,-1.4903866243195658
2026-04-17 21:06:02.629826897,-1.4903866243195658
2026-04-17 21:19:27.956058588,-1.4501327977495153
2026-04-17 21:32:53.282290279,-1.4501327977495153
2026-04-17 21:46:18.608521970,-1.4501327977495153
2026-04-17 21:59:43.934753661,-1.369625144609416
2026-04-17 22:20:57.877496671,-1.3696376808267408
2026-04-17 22:36:44.792276964,-1.369625144609416
2026-04-17 22:50:10.118508655,-1.4300058844644914
2026-04-17 23:06:50.565912117,-1.2891174914693169
2026-04-17 23:20:15.892143808,-1.3293713180393665
2026-04-17 23:33:41.218375499,-1.2086098383292176
2026-04-17 23:47:06.544607190,-1.369625144609416
2026-04-18 00:00:31.870838881,-1.2086098383292176
2026-04-18 00:21:45.813581890,-1.2287639134184447
2026-04-18 00:35:11.139813581,-1.1885142655875036
2026-04-18 00:50:58.054593874,-1.1884829250441928
2026-04-18 01:04:23.380825565,-1.1482290984741432
2026-04-18 01:21:03.828229027,-1.1482290984741432
2026-04-18 01:34:29.154460719,-1.2086098383292176
2026-04-18 01:47:54.480692410,-1.1281021851891184
2026-04-18 02:01:19.806924101,-1.1079752719040936
2026-04-18 02:14:45.133155792,-1.087848358619068
2026-04-18 02:35:59.075898801,-1.0275156742637366
2026-04-18 02:51:45.990679094,-1.1079752719040936
2026-04-18 03:05:11.316910785,-1.067721445334044
2026-04-18 03:21:51.764314247,-1.0073407054789687
2026-04-18 03:35:17.090545938,-0.9872137921939439
2026-04-18 03:48:42.416777629,-1.0475945320490183
2026-04-18 04:02:07.743009320,-0.9469599656238943
2026-04-18 04:15:33.069241011,-0.9469599656238943
2026-04-18 04:36:47.011984021,-0.8665170829399695
2026-04-18 04:50:12.338215712,-0.9872660264327946
2026-04-18 05:05:59.252996005,-0.9469599656238944
2026-04-18 05:19:24.579227696,-0.8664523124837951
2026-04-18 05:36:05.026631158,-1.0073407054789687
2026-04-18 05:49:30.352862849,-0.9268330523388695
2026-04-18 06:02:55.679094540,-0.9067061390538447
2026-04-18 06:16:21.005326231,-0.8865792257688199
2026-04-18 06:29:46.331557922,-0.9067061390538447
2026-04-18 06:51:00.274300932,-0.8665170829399695
2026-04-18 07:06:47.189081225,-0.8865792257688199
2026-04-18 07:20:12.515312916,-0.8664523124837951
2026-04-18 07:36:52.962716378,-0.8664523124837951
2026-04-18 07:50:18.288948069,-0.765817746058671
2026-04-18 08:03:43.615179760,-0.8261984859137455
2026-04-18 08:17:08.941411451,-0.8261984859137455
2026-04-18 08:30:34.267643142,-0.8060715726287206
2026-04-18 08:51:48.210386151,-0.7860177872780865
2026-04-18 09:05:13.536617842,-0.7860177872780865
2026-04-18 09:21:00.451398135,-0.765817746058671
2026-04-18 09:34:25.777629826,-0.765817746058671
2026-04-18 09:51:06.225033288,-0.765817746058671
2026-04-18 10:04:31.551264980,-0.7255639194886205
2026-04-18 10:17:56.877496671,-0.7255639194886205
2026-04-18 10:31:22.203728362,-0.7255639194886205
2026-04-18 10:44:47.529960053,-0.7255639194886205
2026-04-18 11:06:01.472703062,-0.5847695481233774
2026-04-18 11:21:48.387483355,-0.665183179633547
2026-04-18 11:35:13.713715046,-0.6853100929185718
2026-04-18 11:51:54.161118508,-0.6651831796335461
2026-04-18 12:05:19.487350199,-0.6651831796335461
2026-04-18 12:18:44.813581890,-0.6450562663485213
2026-04-18 12:32:10.139813581,-0.6450562663485213
2026-04-18 12:45:35.466045272,-0.6450562663485213
2026-04-18 13:06:49.408788282,-0.6048943720388484
2026-04-18 13:20:14.735019973,-0.6048943720388484
2026-04-18 13:36:01.649800266,-0.6048024397784717
2026-04-18 13:49:26.976031957,-0.6249293530634965
2026-04-18 14:06:07.423435419,-0.5242947866383725
2026-04-18 14:19:32.749667110,-0.6048024397784717
2026-04-18 14:32:58.075898801,-0.6048024397784717
2026-04-18 14:46:23.402130492,-0.6450562663485213
2026-04-18 14:59:48.728362183,-0.6048024397784717
2026-04-18 15:21:02.671105193,-0.6250191959543194
2026-04-18 15:36:49.585885486,-0.6450562663485213
2026-04-18 15:50:14.912117177,-0.6249293530634965
2026-04-18 16:06:55.359520639,-0.6450562663485213
2026-04-18 16:20:20.685752330,-0.6651831796335461
2026-04-18 16:33:46.011984021,-0.6853100929185709
2026-04-18 16:47:11.338215712,-0.6853100929185709
2026-04-18 17:00:36.664447403,-0.765817746058671
2026-04-18 17:21:50.607190412,-0.6652688437852614
2026-04-18 17:35:15.933422103,-0.7055184916162025
2026-04-18 17:51:02.848202396,-0.7054370062035966
2026-04-18 18:04:28.174434087,-0.7456908327736462
2026-04-18 18:21:08.621837549,-0.7456908327736462
2026-04-18 18:34:33.948069241,-0.765817746058671
2026-04-18 18:47:59.274300932,-0.765817746058671
2026-04-18 19:01:24.600532623,-0.8463253991987703
2026-04-18 19:14:49.926764314,-0.8060715726287206
2026-04-18 19:36:03.869507323,-0.8262674351090284
2026-04-18 19:51:50.784287616,-0.8664523124837951
2026-04-18 20:05:16.110519307,-0.8865792257688199
2026-04-18 20:21:56.557922769,-0.9268330523388695
2026-04-18 20:35:21.884154460,-0.9268330523388695
2026-04-18 20:48:47.210386151,-0.9268330523388695
2026-04-18 21:02:12.536617842,-0.9268330523388695
2026-04-18 21:15:37.862849533,-0.9670868789089191
2026-04-18 21:36:51.805592543,-0.9470163786018536
2026-04-18 21:50:17.131824234,-0.9671412025173236
2026-04-18 22:06:04.046604527,-0.987213792193944
2026-04-18 22:19:29.372836218,-0.9670868789089192
2026-04-18 22:36:09.820239680,-0.9872137921939439
2026-04-18 22:49:35.146471371,-1.0274676187639935
2026-04-18 23:03:00.472703062,-1.0475945320490183
2026-04-18 23:16:25.798934753,-1.0274676187639935
2026-04-18 23:29:51.125166444,-1.0677214453340431
2026-04-18 23:51:05.067909454,-1.0073908503482656
2026-04-19 00:06:51.982689747,-1.067721445334044
2026-04-19 00:20:17.308921438,-1.0475945320490192
2026-04-19 00:36:57.756324900,-1.0475945320490183
2026-04-19 00:50:23.082556591,-1.0677214453340431
2026-04-19 01:03:48.408788282,-1.0677214453340431
2026-04-19 01:17:13.735019973,-1.0274676187639935
2026-04-19 01:30:39.061251664,-1.0475945320490183
2026-04-19 01:51:53.003994673,-1.0677653220946786
2026-04-19 02:05:18.330226364,-1.0677653220946786
2026-04-19 02:21:05.245006657,-1.0878483586190688
2026-04-19 02:34:30.571238348,-1.1079752719040936
2026-04-19 02:51:11.018641810,-1.1281021851891184
2026-04-19 03:04:36.344873502,-1.1079752719040936
2026-04-19 03:18:01.671105193,-1.1281021851891184
2026-04-19 03:31:26.997336884,-1.1281021851891184
2026-04-19 03:44:52.323568575,-1.1281021851891184
2026-04-19 04:06:06.266311584,-1.1683894416720326
2026-04-19 04:21:53.181091877,-1.1281021851891184
2026-04-19 04:35:18.507323568,-1.1482290984741432
2026-04-19 04:51:58.954727030,-1.168356011759168
2026-04-19 05:05:24.280958721,-1.1482290984741432
2026-04-19 05:18:49.607190412,-1.168356011759168
2026-04-19 05:32:14.933422103,-1.1281021851891184
2026-04-19 05:45:40.259653794,-1.168356011759168
2026-04-19 06:06:54.202396804,-1.1482646177565616
2026-04-19 06:20:19.528628495,-1.1885142655875036
2026-04-19 06:36:06.443408788,-1.1884829250441928
2026-04-19 06:49:31.769640479,-1.1884829250441928
2026-04-19 07:06:12.217043941,-1.2488636648992673
2026-04-19 07:19:37.543275632,-1.168356011759168
2026-04-19 07:33:02.869507323,-1.2086098383292176
2026-04-19 07:46:28.195739014,-1.168356011759168
2026-04-19 07:59:53.521970705,-1.1884829250441928
2026-04-19 08:21:07.464713715,-1.2690135612493867
2026-04-19 08:36:54.379494007,-1.1482290984741432
2026-04-19 08:50:19.705725699,-1.168356011759168
2026-04-19 09:07:00.153129161,-1.2488636648992673
2026-04-19 09:20:25.479360852,-1.087848358619068
2026-04-19 09:33:50.805592543,-1.1482290984741432
2026-04-19 09:47:16.131824234,-1.2086098383292176
2026-04-19 10:00:41.458055925,-1.168356011759168
2026-04-19 10:21:55.400798934,-1.1885142655875036
2026-04-19 10:35:20.727030625,-1.1281397938410906
2026-04-19 10:51:07.641810918,-1.1482290984741432
2026-04-19 11:04:32.968042609,-1.067721445334044
2026-04-19 11:21:13.415446071,-1.168356011759168
2026-04-19 11:34:38.741677762,-1.1281021851891184
2026-04-19 11:48:04.067909454,-1.1281021851891184
2026-04-19 12:01:29.394141145,-1.0073407054789687
2026-04-19 12:14:54.720372836,-1.1079752719040936
2026-04-19 12:36:08.663115845,-1.0476404981792076
2026-04-19 12:51:55.577896138,-1.067721445334044
2026-04-19 13:05:20.904127829,-1.0274676187639935
2026-04-19 13:22:01.351531291,-1.0274676187639935
2026-04-19 13:35:26.677762982,-1.0274676187639935
2026-04-19 13:48:52.003994673,-0.9670868789089191
2026-04-19 14:02:17.330226364,-0.9670868789089191
2026-04-19 14:15:42.656458055,-0.9670868789089191
2026-04-19 14:36:56.599201065,-0.9872660264327946
2026-04-19 14:50:21.925432756,-0.9067667307709116
2026-04-19 15:06:08.840213049,-0.9067061390538448
2026-04-19 15:19:34.166444740,-0.8865792257688199
2026-04-19 15:36:14.613848202,-0.8664523124837951
2026-04-19 15:49:39.940079893,-0.9268330523388695
2026-04-19 16:03:05.266311584,-0.8060715726287206
2026-04-19 16:16:30.592543275,-0.7859446593436958
2026-04-19 16:29:55.918774966,-0.7859446593436958
2026-04-19 16:51:09.861517976,-0.7055184916162025
2026-04-19 17:06:56.776298269,-0.7255639194886214
2026-04-19 17:20:22.102529960,-0.7255639194886214
2026-04-19 17:37:02.549933422,-0.7054370062035957
2026-04-19 17:50:27.876165113,-0.6853100929185709
2026-04-19 18:03:53.202396804,-0.6450562663485213
2026-04-19 18:17:18.528628495,-0.6651831796335461
2026-04-19 18:30:43.854860186,-0.6048024397784717
2026-04-19 18:51:57.797603195,-0.6250191959543194
2026-04-19 19:05:23.123834886,-0.5847695481233774
2026-04-19 19:21:10.038615179,-0.5645486132084221
2026-04-19 19:34:35.364846870,-0.5645486132084221
2026-04-19 19:51:15.812250332,-0.5645486132084221
2026-04-19 20:04:41.138482023,-0.5041678733533477
2026-04-19 20:18:06.464713715,-0.5242947866383725
2026-04-19 20:31:31.790945406,-0.5242947866383725
2026-04-19 20:44:57.117177097,-0.48404096006832287
2026-04-19 21:06:11.059920106,-0.4640206046305524
2026-04-19 21:21:57.974700399,-0.463914046783298
2026-04-19 21:35:23.300932090,-0.463914046783298
2026-04-19 21:52:03.748335552,-0.42366022021324845
2026-04-19 22:05:29.074567243,-0.32302565378812353
2026-04-19 22:18:54.400798934,-0.36327948035817315
2026-04-19 22:32:19.727030625,-0.32302565378812353
2026-04-19 22:45:45.053262316,-0.34315256707314834
2026-04-19 23:06:58.996005326,-0.2627723654758442
2026-04-19 23:20:24.322237017,-0.2225227176449022
2026-04-19 23:36:11.237017310,-0.2223910873629995
2026-04-19 23:49:36.563249001,-0.1821372607929499
2026-04-20 00:06:17.010652463,-0.1620103475079251
2026-04-20 00:19:42.336884154,-0.12175652093787548
2026-04-20 00:33:07.663115845,-0.12175652093787548
2026-04-20 00:46:32.989347536,-0.12175652093787548
2026-04-20 00:59:58.315579227,-0.08150269436782587
2026-04-20 01:21:12.258322237,-0.0413993024056651
2026-04-20 01:36:59.173102529,-0.0009950412277266
2026-04-20 01:50:24.499334221,0.0191318720572981
2026-04-20 02:07:04.946737683,0.039258785342323854
2026-04-20 02:20:30.272969374,0.05938569862734866
2026-04-20 02:33:55.599201065,0.09963952519739827
2026-04-20 02:47:20.925432756,0.11976643848242308
2026-04-20 03:00:46.251664447,0.13989335176744788
2026-04-20 03:22:00.194407456,0.1598489367490438
2026-04-20 03:35:25.520639147,0.2000985845799849
2026-04-20 03:51:12.435419440,0.2002740916225223
2026-04-20 04:04:37.761651131,0.2405279181925719
2026-04-20 04:21:18.209054593,0.2405279181925719
2026-04-20 04:34:43.535286284,0.2606548314775967
2026-04-20 04:48:08.861517976,0.2606548314775967
2026-04-20 05:01:34.187749667,0.2807817447626215
2026-04-20 05:14:59.513981358,0.2807817447626215
2026-04-20 05:36:13.456724367,0.3007227041573399
2026-04-20 05:52:00.371504660,0.3612893979027207
2026-04-20 06:05:25.697736351,0.3814163111877455
2026-04-20 06:22:06.145139813,0.36128939790272074
2026-04-20 06:35:31.471371504,0.40154322447277124
2026-04-20 06:48:56.797603195,0.44179705104282085
2026-04-20 07:02:22.123834886,0.48205087761287047
2026-04-20 07:15:47.450066577,0.46192396432784566
2026-04-20 07:37:01.392809587,0.5019709433120481
2026-04-20 07:50:26.719041278,0.5019709433120481
2026-04-20 07:56:03.428761651,0.2807817447626215
2026-04-20 08:19:38.960053262,0.6229392706080441
2026-04-20 08:36:19.407456724,0.5625585307529697
2026-04-20 08:49:44.733688415,0.6430661838930689
2026-04-20 09:03:10.059920106,0.6028123573230193
2026-04-20 09:16:35.386151797,0.48205087761287047
2026-04-20 09:30:00.712383488,0.7235738370331681
2026-04-20 09:51:14.655126498,0.6629695346358151
2026-04-20 10:07:01.569906791,0.7034469237481433
2026-04-20 10:20:26.896138482,0.7034469237481433
2026-04-20 10:37:07.343541944,0.7235738370331681
2026-04-20 10:50:32.669773635,0.7235738370331681
2026-04-20 11:03:57.996005326,0.7235738370331681
2026-04-20 11:17:23.322237017,0.8040814901732682
2026-04-20 11:30:48.648468708,0.8040814901732682
2026-04-20 11:52:02.591211717,0.8239681259595812
2026-04-20 12:05:27.917443408,0.8642177737905232
2026-04-20 12:21:14.832223701,0.8644622300283427
2026-04-20 12:34:40.158455392,0.8644622300283427
2026-04-20 12:51:20.605858854,0.8845891433133675
2026-04-20 13:04:45.932090545,0.9047160565983923
2026-04-20 13:18:11.258322237,0.9047160565983923
2026-04-20 13:31:36.584553928,0.9248429698834171
2026-04-20 13:45:01.910785619,0.9449698831684419
2026-04-20 14:06:15.853528628,0.9849667172833484
2026-04-20 14:22:02.768308921,1.0053506230235163
2026-04-20 14:35:28.094540612,1.0053506230235163
2026-04-20 14:52:08.541944074,1.0053506230235163
2026-04-20 15:05:33.868175765,1.045604449593566
2026-04-20 15:18:59.194407456,0.9650967964534667
2026-04-20 15:32:24.520639147,1.0657313628785907
2026-04-20 15:45:49.846870838,1.0657313628785907
2026-04-20 16:07:03.789613848,1.0654660129452314
2026-04-20 16:20:29.115845539,1.1258404846916443
2026-04-20 16:36:16.030625832,1.1261121027336651
2026-04-20 16:49:41.356857523,1.1261121027336651
2026-04-20 17:06:21.804260985,1.126112102733666
2026-04-20 17:19:47.130492676,1.2066197558737652
2026-04-20 17:33:12.456724367,1.1462390160186908
2026-04-20 17:46:37.782956058,1.1462390160186908
2026-04-20 18:00:03.109187749,1.0858582761636155
2026-04-20 18:21:17.051930759,1.2667142520999404
2026-04-20 18:37:03.966711051,1.1663659293037147
2026-04-20 18:50:29.292942743,1.1864928425887404
2026-04-20 19:07:09.740346205,1.2066197558737652
2026-04-20 19:20:35.066577896,1.22674666915879
2026-04-20 19:34:00.392809587,1.22674666915879
2026-04-20 19:47:25.719041278,1.2066197558737652
2026-04-20 20:00:51.045272969,1.2468735824438149
2026-04-20 20:22:04.988015978,1.3069638999308824
2026-04-20 20:35:30.314247669,1.3270887238463525
2026-04-20 20:51:17.229027962,1.3072543222988893
2026-04-20 21:04:42.555259653,1.3475081488689389
2026-04-20 21:21:23.002663115,1.3877619754389885
2026-04-20 21:34:48.328894806,1.327381235583914
2026-04-20 21:48:13.655126498,1.428015802009038
2026-04-20 22:01:38.981358189,1.448142715294063
2026-04-20 22:15:04.307589880,1.4883965418641134
2026-04-20 22:36:18.250332889,1.5082121390855905
2026-04-20 22:52:05.165113182,1.508523455149137
2026-04-20 23:05:30.491344873,1.5890311082892374
2026-04-20 23:22:10.938748335,1.5487772817191878
2026-04-20 23:35:36.264980026,1.5487772817191878
2026-04-20 23:49:01.591211717,1.5890311082892374
2026-04-21 00:02:26.917443408,1.6091580215742622
2026-04-21 00:15:52.243675099,1.6091580215742622
2026-04-21 00:37:06.186418109,1.6692107304093575
2026-04-21 00:50:31.512649800,1.7094603782402986
2026-04-21 01:06:18.427430093,1.729919501284411
2026-04-21 01:19:43.753661784,1.7097925879993865
2026-04-21 01:36:24.201065246,1.7903002411394855
2026-04-21 01:49:49.527296937,1.7500464145694359
2026-04-21 02:03:14.853528628,1.7903002411394855
2026-04-21 02:16:40.179760319,1.8909348075646104
2026-04-21 02:30:05.505992010,1.8104271544245103
2026-04-21 02:51:19.448735019,1.8503341456485949
2026-04-21 03:07:06.363515312,1.8305540677095355
2026-04-21 03:20:31.689747004,1.8506809809945604
2026-04-21 03:37:12.137150466,1.8909348075646104
2026-04-21 03:50:37.463382157,1.8104271544245103
2026-04-21 04:04:02.789613848,1.9110617208496352
2026-04-21 04:17:28.115845539,1.93118863413466
2026-04-21 04:30:53.442077230,1.93118863413466
2026-04-21 04:52:07.384820239,1.97108308914142
2026-04-21 05:05:32.711051930,1.9912079130568907
2026-04-21 05:21:19.625832223,2.0116962872747592
2026-04-21 05:34:44.952063914,2.0116962872747592
2026-04-21 05:51:25.399467376,2.031823200559784
2026-04-21 06:04:50.725699067,2.051950113844809
2026-04-21 06:18:16.051930759,2.0720770271298337
2026-04-21 06:31:41.378162450,2.051950113844809
2026-04-21 06:45:06.704394141,2.0720770271298337
2026-04-21 07:06:20.647137150,2.1320816804651868
2026-04-21 07:22:07.561917443,2.132457766984908
2026-04-21 07:35:32.888149134,2.152584680269933
2026-04-21 07:52:13.335552596,2.152584680269933
2026-04-21 08:05:38.661784287,2.1727115935549577
2026-04-21 08:19:03.988015978,2.212965420125008
2026-04-21 08:32:29.314247669,2.212965420125008
2026-04-21 08:45:54.640479360,2.233092333410033
2026-04-21 09:07:08.583222370,2.2930802717889534
2026-04-21 09:20:33.909454061,2.272955447873483
2026-04-21 09:36:20.824234354,2.313599986550132
2026-04-21 09:49:46.150466045,2.313599986550132
2026-04-21 10:06:26.597869507,2.313599986550132
2026-04-21 10:19:51.924101198,2.4142345529752562
2026-04-21 10:33:17.250332889,2.353853813120182
2026-04-21 10:46:42.576564580,2.353853813120182
2026-04-21 11:00:07.902796271,2.3739807264052066
2026-04-21 11:21:21.845539281,2.4138292152817784
2026-04-21 11:37:08.760319573,2.414234552975256
2026-04-21 11:50:34.086551265,2.4746152928303307
2026-04-21 12:07:14.533954727,2.454488379545306
2026-04-21 12:20:39.860186418,2.5349960326854055
2026-04-21 12:34:05.186418109,2.454488379545306
2026-04-21 12:47:30.512649800,2.494742206115356
2026-04-21 13:00:55.838881491,2.5349960326854055
2026-04-21 13:22:09.781624500,2.5949526305210164
2026-04-21 13:35:35.107856191,2.574827806605545
2026-04-21 13:51:22.022636484,2.59537677254048
2026-04-21 14:04:47.348868175,2.575249859255455
2026-04-21 14:21:27.796271637,2.6155036858255047
2026-04-21 14:34:53.122503328,2.6356305991105295
2026-04-21 14:48:18.448735019,2.6557575123955544
2026-04-21 15:01:43.774966711,2.6557575123955544
2026-04-21 15:15:09.101198402,2.6356305991105295
2026-04-21 15:36:23.043941411,2.6754519261828995
2026-04-21 15:52:09.958721704,2.675884425680579
2026-04-21 16:05:35.284953395,2.675884425680579
2026-04-21 16:22:15.732356857,2.6758844256805796
2026-04-21 16:35:41.058588548,2.6758844256805796
2026-04-21 16:49:06.384820239,2.6155036858255047
2026-04-21 17:02:31.711051930,2.6758844256805796
2026-04-21 17:15:57.037283621,2.6758844256805796
2026-04-21 17:37:10.980026631,2.635202278351958
2026-04-21 17:50:36.306258322,2.6754519261828995
2026-04-21 18:06:23.221038615,2.675884425680579
2026-04-21 18:19:48.547270306,2.696011338965604
2026-04-21 18:36:28.994673768,2.6758844256805796
2026-04-21 18:49:54.320905459,2.6960113389656044
2026-04-21 19:03:19.647137150,2.736265165535654
2026-04-21 19:16:44.973368841,2.736265165535654
2026-04-21 19:30:10.299600532,2.736265165535654
2026-04-21 19:51:24.242343541,2.755951221844783
2026-04-21 20:07:11.157123834,2.756392078820679
2026-04-21 20:20:36.483355525,2.756392078820679
2026-04-21 20:37:16.930758988,2.7966459053907284
2026-04-21 20:50:42.256990679,2.7966459053907284
2026-04-21 21:04:07.583222370,2.7966459053907284
2026-04-21 21:17:32.909454061,2.7966459053907284
2026-04-21 21:30:58.235685752,2.756392078820679
2026-04-21 21:52:12.178428761,2.755951221844783
2026-04-21 22:05:37.504660452,2.755951221844783
2026-04-21 22:21:24.419440745,2.675884425680579
2026-04-21 22:34:49.745672436,2.756392078820679
2026-04-21 22:51:30.193075898,2.736265165535654
2026-04-21 23:04:55.519307589,2.7765189921057036
2026-04-21 23:18:20.845539281,2.7765189921057036
2026-04-21 23:31:46.171770972,2.7765189921057036
2026-04-21 23:45:11.498002663,2.7765189921057036
2026-04-22 00:06:25.440745672,2.715701574013841
2026-04-22 00:22:12.355525965,2.756392078820679
2026-04-22 00:35:37.681757656,2.776518992105704
2026-04-22 00:52:18.129161118,2.6960113389656044
2026-04-22 01:05:43.455392809,2.7765189921057036
2026-04-22 01:19:08.781624500,2.7765189921057036
2026-04-22 01:32:34.107856191,2.7765189921057036
2026-04-22 01:45:59.434087882,2.7966459053907284
2026-04-22 02:07:13.376830892,2.816325693591196
2026-04-22 02:20:38.703062583,2.8364505175066665
2026-04-22 02:36:25.617842876,2.816772818675753
2026-04-22 02:49:50.944074567,2.836899731960778
2026-04-22 03:06:31.391478029,2.8570266452458033
2026-04-22 03:19:56.717709720,2.7765189921057036
2026-04-22 03:33:22.043941411,2.877153558530828
2026-04-22 03:46:47.370173102,2.897280471815853
2026-04-22 04:00:12.696404793,2.877153558530828
2026-04-22 04:21:26.639147802,2.896824989253079
2026-04-22 04:37:13.553928095,2.9174073851008773
2026-04-22 04:50:38.880159786,2.9576612116709278
2026-04-22 05:07:19.327563249,2.9375342983859025
2026-04-22 05:20:44.653794940,3.0180419515260017
2026-04-22 05:34:09.980026631,2.977788124955952
2026-04-22 05:47:35.306258322,2.997915038240977
2026-04-22 06:01:00.632490013,3.038168864811027
2026-04-22 06:22:14.575233022,3.0779484044923167
2026-04-22 06:35:39.901464713,3.1584477001542
2026-04-22 06:51:26.816245006,3.118676517951126
2026-04-22 07:04:52.142476697,3.118676517951126
2026-04-22 07:21:32.589880159,3.138803431236151
2026-04-22 07:34:57.916111850,3.1790572578062006
2026-04-22 07:48:23.242343541,3.2595649109463003
2026-04-22 08:01:48.568575233,3.2193110843762502
2026-04-22 08:15:13.894806924,3.29981873751635
2026-04-22 08:36:27.837549933,3.3596959393089083
2026-04-22 08:52:14.752330226,3.2595649109463
2026-04-22 09:05:40.078561917,3.29981873751635
2026-04-22 09:22:20.525965379,3.420580217226499
2026-04-22 09:35:45.852197070,3.3400725640863995
2026-04-22 09:49:11.178428761,3.3601994773714243
2026-04-22 10:02:36.504660452,3.3601994773714243
2026-04-22 10:16:01.830892143,3.420580217226499
2026-04-22 10:37:15.773635153,3.440195234970792
2026-04-22 10:50:41.099866844,3.520694530632676
2026-04-22 11:06:28.014647137,3.4809609570815736
2026-04-22 11:19:53.340878828,3.4809609570815736
2026-04-22 11:36:33.788282290,3.5815955235066976
2026-04-22 11:49:59.114513981,3.5010878703665984
2026-04-22 12:03:24.440745672,3.541341696936648
2026-04-22 12:16:49.766977363,3.5815955235066976
2026-04-22 12:30:15.093209054,3.5815955235066976
2026-04-22 12:51:29.035952063,3.641443474125501
2026-04-22 13:07:15.950732356,3.641976263361772
2026-04-22 13:20:41.276964047,3.682230089931822
2026-04-22 13:37:21.724367510,3.7828646563569466
2026-04-22 13:50:47.050599201,3.6621031766467973
2026-04-22 14:04:12.376830892,3.7426108297868965
2026-04-22 14:17:37.703062583,3.823118482926996
2026-04-22 14:31:03.029294274,3.7426108297868965
2026-04-22 14:52:16.972037283,3.822566889364738
2026-04-22 15:05:42.298268974,3.842691713280209
2026-04-22 15:21:29.213049267,3.843245396212021
2026-04-22 15:34:54.539280958,3.863372309497046
2026-04-22 15:51:34.986684420,3.9036261360670954
2026-04-22 16:05:00.312916111,3.9036261360670954
2026-04-22 16:18:25.639147802,3.9036261360670954
2026-04-22 16:31:50.965379494,3.943879962637145
2026-04-22 16:45:16.291611185,3.943879962637145
2026-04-22 17:06:30.234354194,4.003690304603976
2026-04-22 17:22:17.149134487,4.004260702492219
2026-04-22 17:35:42.475366178,4.024387615777244
2026-04-22 17:52:22.922769640,4.024387615777245
2026-04-22 18:05:48.249001331,4.024387615777245
2026-04-22 18:19:13.575233022,4.104895268917344
2026-04-22 18:32:38.901464713,4.044514529062269
2026-04-22 18:46:04.227696404,4.104895268917344
2026-04-22 19:07:18.170439414,4.0439399524349176
2026-04-22 19:20:43.496671105,4.084189600265859
2026-04-22 19:36:30.411451398,4.125022182202368
2026-04-22 19:49:55.737683089,4.044514529062269
2026-04-22 20:06:36.185086551,4.145149095487394
2026-04-22 20:20:01.511318242,4.225656748627493
2026-04-22 20:33:26.837549933,4.185402922057444
2026-04-22 20:46:52.163781624,4.265910575197543
2026-04-22 21:00:17.490013315,4.225656748627493
2026-04-22 21:21:31.432756324,4.245188191589626
2026-04-22 21:37:18.347536617,4.326291315052617
2026-04-22 21:48:22.085219707,4.285437839420568
2026-04-22 22:07:24.121171770,4.286037488482568
2026-04-22 22:20:49.447403462,4.386672054907692
2026-04-22 22:34:14.773635153,4.306164401767592
2026-04-22 22:47:40.099866844,4.426925881477741
2026-04-22 23:01:05.426098535,4.386672054907692
2026-04-22 23:22:19.368841544,4.486686078575276
2026-04-22 23:35:44.695073235,4.446436430744334
2026-04-22 23:49:10.021304926,4.486686078575276
2026-04-23 00:02:35.347536617,4.406186782913393
2026-04-23 00:21:37.383488681,4.467179708047792
2026-04-23 00:35:02.709720372,4.62819501432799
2026-04-23 00:48:28.035952063,4.527560447902866
2026-04-23 01:01:53.362183755,4.567814274472916
2026-04-23 01:15:18.688415446,4.547687361187891
2026-04-23 01:28:44.014647137,4.62819501432799
2026-04-23 01:42:09.340878828,4.567814274472916
2026-04-23 01:55:34.667110519,4.66844884089804
2026-04-23 02:22:25.319573901,4.62819501432799
2026-04-23 02:35:50.645805592,4.748956494038139
2026-04-23 02:49:15.972037283,4.62819501432799
2026-04-23 03:02:41.298268974,4.66844884089804
2026-04-23 03:16:06.624500665,4.829464147178238
2026-04-23 03:29:31.950732356,4.708702667468089
2026-04-23 03:42:57.276964047,4.789210320608189
2026-04-23 03:56:22.603195739,4.748956494038139
2026-04-23 04:09:47.929427430,4.748956494038139
2026-04-23 04:36:38.581890812,4.789210320608189
2026-04-23 04:50:03.908122503,4.708702667468089
2026-04-23 05:03:29.234354194,4.789210320608189
2026-04-23 05:16:54.560585885,4.869717973748289
2026-04-23 05:30:19.886817576,4.748956494038139
2026-04-23 05:43:45.213049267,4.809337233893214
2026-04-23 05:57:10.539280958,4.829464147178238
2026-04-23 06:10:35.865512649,4.829464147178238
2026-04-23 06:37:26.517976032,4.950225626888388
2026-04-23 06:50:51.844207723,4.909971800318338
2026-04-23 07:04:17.170439414,4.909971800318338
2026-04-23 07:17:42.496671105,4.909971800318338
2026-04-23 07:31:07.822902796,4.909971800318338
2026-04-23 07:44:33.149134487,4.909971800318338
2026-04-23 07:57:58.475366178,4.909971800318338
2026-04-23 08:11:23.801597869,4.909971800318338
2026-04-23 08:24:49.127829560,4.8898448870333135
2026-04-23 08:51:39.780292942,4.909971800318338
2026-04-23 09:05:05.106524633,4.8898448870333135
2026-04-23 09:18:30.432756324,4.8898448870333135
2026-04-23 09:31:55.758988015,4.909971800318338
2026-04-23 09:45:21.085219707,4.930098713603363
2026-04-23 09:58:46.411451398,4.829464147178238
2026-04-23 10:12:11.737683089,4.950225626888388
2026-04-23 10:25:37.063914780,4.869717973748289
2026-04-23 10:52:27.716378162,4.62819501432799
2026-04-23 11:05:53.042609853,4.467179708047792
2026-04-23 11:19:18.368841544,4.265910575197543
